NAME,ADDRESS,MAIL
Allianz Services Private Limited (formerly known as Allianz Cornhill Information Services Private Limited),"Door No. 2F, Second Floor, Bhavani, Technopark, Trivandrum, Kerala",allianzservicesindia-careers@allianz.com
Cycloides Technologies Pvt. Ltd.,"Suite 2801, Yamuna (SEZ)",info@cycloides.com
EPICA STUDIO PVT LTD,10TH FLOOR;GANGA;110 S ; TECHNOPARK PHASE III TRIVANDRUM,contact@ariesepica.com
EYME Technologies Pvt Ltd,"1st Floor , Thejaswini, Technopark, Trivandrum",Sandeep.AV@gds.ey.com
H&R Block (India) Private Limited,"11th Floor, 211 N - 211 S, Yamuna Building, SEZ unit, Technopark Phase III",careers-GTCIndia@hrblock.com
IBS Software Services Pvt. Ltd.,"5th Floor, NILA, Technopark Campus, Trivandrum, India",receptiondesk@ibsplc.com
Infosys Ltd,Infosys Ltd Trivandrum SEZ Unit-1 Technopark Campus 2 Attipara Village Thiruvananthapuram,askus@infosys.com
Nissan Digital India LLP,"Nissan Digital India LLP # 2101, 1st Floor, Yamuna Building, Technopark Phase-III, Trivandrum, Kerala, India",ContactNDI@nissanmotor.com
Oracle India,"10th Floor, Leela Building, Technopark",anjana.jayalekshmi@oracle.com
QuEST Global Engineering Services Pvt Ltd,"QuEST Towers, Technopark Campus, Trivandrum",info@quest-global.com
RM Education Solutions India Pvt Ltd,"Unit 8 A, Carnival, Technopark Campus, Trivandrum",response@in.rm.com
SunTec Business Solutions Pvt. Ltd.,"SunTec Business Solutions Pvt. Ltd. 2nd floor, Thejaswini building, Technopark Campus, Kazhakootam Trivandrum",contactus@suntecgroup.com
Tata Consultancy Services Ltd.,"Technopark Campus, Kariyavattom P.O Trivandrum",info@tcs.com
Tata Elxsi,"Tata Elxsi Limited, Neyyar, Technopark Campus Kariyavattom Thiruvananthapuram - 695 581 Kerala - India Phone: +91471 6661 000 Fax: +91471 2527 215",info@tataelxsi.com
UST Global,"#721, Nila, Technopark Trivandrum",info@ust.com
1074 Vectors,"Kerala Startup Mission, Tejaswini",1074vectors@gmail.com
3MBK Technologies Private Limted,"Office No 2501(d), 5th floor, Yamuna Building, Phase III, Technopark, Trivandrum.",info.technopark@3mbk.com
4Labs Technologies Private Limited,"2501(a), 5th Floor, Yamuna Building, Phase III, Technopark, Trivandrum",careers@4labsinc.com
AdroitMinds Software Labs,"4th Floor, Gayatri Building, Technopark, Trivandrum",info@adroitminds.com
aeistir technologies Pvt Ltd,"C Level -2,Thejaswini Building, Technopark, Thiruvananthapuram",info@aeistir.com
Aibi Technology Pvt Ltd,"Phase 1 , Basement floor, Park Centre Building, Technopark",info@aibitech.in
Akira Software Solutions Pvt Ltd,"Module No. 432 - 435, 4th Floor, Nila Building, Technopark",sales@akiraplc.com
Alamy Images India Pvt. Ltd.,"C-16, Gayatri Building Technopark Campus Thiruvanathapuram",adminindia@alamy.com
Allianz Services Private Limited (formerly known as Allianz Cornhill Information Services Private Limited),"SEZ Unit ,Ganga Block,3rd , 4th,5th & 6th Floor, Phase 3, Technopark Campus, Trivandrum",allianzservicesindia-careers@allianz.com
Analyse Digital Business Solutions Pvt Ltd,"Padmanabha, Technopark Campus, Trivandrum",info@analysedigital.com
Anchako Consultancy Services Pvt Ltd- SUB(Cyber Chasse India),"UNIT NO. 2B, 2ND FLOOR, CARNIVAL, TECHNOPARK CAMPUS, THIRUVANANTHPURAM",saranya@cyberchasse.com
AOT TECHNOLOGIES PVT LTD,"Module No: 341 & 342, Nila Building, Technopark Campus, Kazhakkoottam, Thiruvananthapuram Kerala, India",info@aot-technologies.com
APPLEXUS TECHNOLOGIES PVT LTD,"10th FLOOR, YAMUNA BUILDING, TECHNOPARK PHASE III CAMPUS, TRIVANDRUM",contact@applexus.com
Appsiologix Business Solutions Pvt. Ltd.,"Module No : 5, Fourth Floor, Gayathri Building, Technopark Phase-1, Trivandrum, Kerala (India)",info@appsiologix.com
AppStation Pvt. Ltd,"AppStation Pvt. Ltd, 2nd Floor, Annex Building, M- Squared",hr@appstation.in
A2zalphabetsolutionz Pvt Ltd,"Amstor Building Technopark Campus, Kazhakuttom, Trivandrum",info@a2zalphabetsolutionz.com
Accubits Technologies Private Limited,"Module No. 2504(a), 5th Floor, Yamuna Building, Technopark Phase III",contact@accubits.com
Acrocede Technologies Private Limited,"1st Floor M Squared Building, Technopark Campus, Thiruvananthapuram, Kerala",information@acrocede.com
ACSIA Technologies (P) Limited,"2204, Yamuna, SEZ III, Technopark, Kulathoor P.O, Trivandrum",info@acsiatech.com
ADDANT SYSTEMS PRIVATE LIMITED,"Module No: 2707, Yamuna, Phase III, Technopark, Thiruvananthapuram, Kerala, INDIA â 695 583",info@addant.com
Adisys Research and Development India Pvt Ltd,"T-3, 7th floor, Thejaswini building Phase I, Technopark",hr@adisysindia.com
Aptara Learning Pvt Ltd,"7th Floor, Leela Infopark, Technopark, Trivandrum",jaya.chandran@aptaracorp.com
ARGENT Software Inc,"#343, Nila, Technopark, Trivandrum",binup@trivsoft.com
ARS Traffic & Transport Technology India Private Limited,"131-135, First Floor, Nila Building Technopark Campus Thiruvananthapuram",hrtvm@arstraffic.com
ARTEMAS TECHNOLOGIES PRIVATE LIMITED,"TOP FLOOR , GAYATHRI BUILDING, TECHNOAPRK PHASE I, TRIVANDRUM",info@artemasdigital.com
Arvension Technologies LLP,"WS 6,4th floor Gayatri Building",arvension@gmail.com
ASSURETECH BUSINESS SOLUTIONS PRIVATE LIMITED,"L-10, THEJASWINI, TECHNOPARK, TRIVANDRUM",info@assuretech.in
ALLIANZ TECHNOLOGY SE,"3rd Floor, Leela Infopark, Technopark Campus, Trivandrum",allianzindiaexternal@allianz.com
Alokin Software Pvt. Ltd,"SBC 2203, Yamuna Building, SEZ Campus, Technopark Phase III, Kulathoor P.O, Thiruvananthapuram",hello@alokin.in
Alzone Software Pvt Ltd,"ACE 04, 3rd Floor, CDAC Building, Technopark Campus, Kerala, India",careers@alzonesoftware.com
Amedisoft Technologies Pvt Ltd,"TBIC-12, Level -2 Thejaswini Building Technopark Campus Thiruvananthapuram Kerala 695581 India",tvm@amedisoft.com
Amstor Consultancy Services Private Limited,"Amstor House , Technopark Campus Trivandrum, Kerala",contact@amstorglobal.com
"Amstor Information Technology (INDIA) Pvt., Ltd.","Amstor House Technopark, Trivandrum",info@amstorglobal.com
aTeamIndia,"G3B, Thejaswini Building , Technopark, Trivandrum",director@ateamindia.com
ATEAM SOFT SOLUTIONS PVT LTD,"4th Floor, Amstor Building, Technopark, Kazhakoottam, Trivandrum",hr@ateamsoftsolutions.com
Aten India Software Solutions Pvt. Ltd.,"Room No. 14, Nila Building, 4th Floor, Technopark",sunita@ateninc.com
Attinad Software Private Limited,"Unit 335, 1st Floor & 3rd Floor, Nila Building",hr@attinadsoftware.com
AUSHIM SOFT PVT LTD,"LEELA INFOPARK, PLOT NO.2, NEAR NILA TECHNOPARK CAMPUS, KARIYAVATTOM P.O, KAZHAKUTTOM, TRIVANDRUM KERALA",jayakumar@leelalaceholdings.com
Autram Infotech Pvt Ltd.,"#2303, 3rd Floor, Yamuna (SEZ), Technopark Phase III, Thiruvananthapuram",info@autram.com
AWDAR SOFTWARE SOLUTIONS LLP,"SBC - 02, Ashtamudi Tower, Technopark Campus, Kollam",info@awdar-solutions.com
Axen Software PVT LTD,"Module 18, -2 Floor, Thejaswini Building,Technopark Campus,Thiruvananthapuram",buyfie@axensoft.com
Azinova Technologies Pvt Ltd,"C-14b, Basement Floor 2, Thejaswini, Technopark, Trivandrum",info@azinovatechnologies.com
Beagle Cyber Innovations Private Limited,"ACE, C-DAC, 4th Floor, Technopark Campus Trivandrum, Kerala, India",info@beaglesecurity.com
Benefitalign Technologies Pvt Ltd,"C-17, Thejaswini building, Technopark Campus, Trivandrum",hrishikesh.shashi@speridian.com
Bilagos Softwares Private Limited,"4th Floor, M Squared Annex 1 Building, Technopark Campus, Kazhakkoottam, Trivandrum, Kerala",hr@bilagos.in
Bitryt Solutions Private Limited,"G3B, Thejaswini Technopark Campus, Thiruvananthapuram",info@bitryt.com
Blue Ripples Technologies Private Limited,"Module No 2806, Yamuna Building, SEZ Campus, Technopark Phase III, Kazhakootam, Kulathoor, Thiruvananthapuram, Kerala, India",info@blueripples.com
bMuse India Technologies Pvt Ltd,"15A, 15th Floor, Leela Infopark , Technopark, Trivandrum",abhi@bmuse.com
BOXOP SOLUTIONS INDIA PRIVATE LIMITED,"G3B, TEJASWINI,TECHNOPARK CAMPUS",boxop@boxop.in
Brandfell Technologies Private Limited,"Module No.10, 4th Floor, Gayatri Building, Technopark, Trivandrum",contact@brandfell.com
BST Software Private Limited,"SBC 16, Floor - 2 Thejaswini, Technopark",info@bstsoftwarelabs.com
BuildNext Construction Solutions Private Limited,"Kerala Startup Mission, Thejaswini, Technopark, Trivandrum",info@buildnext.in
Byjus (Think and Learn Pvt Ltd),"Byjus: Unit No. 2C, 2nd Floor, Carnival Techno Park, Technopark Phase I Campus Kerala, Trivandrum",rakesh.nair@byjus.com
ByteWave Digital Consultants Pvt Ltd.,"T-7, Thejaswini 7th Floor, Technopark, Trivandrum",connect@bytewavedigital.com
Calmove Technologies Pvt Ltd,"First Floor,Padmanabham Building",contact@calmove.com
CANKADO INDIA PRIVATE LIMITED,"GROUND FLOOR, AMSTOR HOUSE, TECHNOPARK CAMPUS, TRIVANDRUM",INFO@CANKADO.IN
Capresults Digital Communications,"C1 Module, Gayathri Building, Technopark, Trivandrum",deepak@capresults.net
Carmic Tech Solutions Private Limited,"Kerala Startup Mission, G3B, Thejaswini, Technopark Campus, Thiruvananthapuram",abhimanue@carmictech.com
Carnival Technopark Private Limited,"Plot No - 2, Ground Floor, Opposite Nila Building, Technopark Campus, Karyavattom, Trivandrum.",unnikrishnan@carnivalinfopark.com
Castel Technologies Pvt. Ltd.,"SBC-27, C-Level (-2), Thejaswini Building, Technopark, Karyavattom PO, Trivandrum - 695581 Kerala",www.casteltech.com
CASTLE MEDICAL INDIA PVT LTD,5ht FLOOR M -SQUARED BUILDING,info@castlebilling.com
Catalyca Private Limited,"Kerala Startup Mission, Minus 2, Thejaswini, Technopark Campus, Trivandrum",hello@catalyca.com
CEIR Global Pvt Ltd,"SBC, Module No.04, Ground Floor Kabani IT Building, Technopark Phase 4 (Technocity) Thiruvananthapuram, Kerala, India",contact@ceirglobal.com
Cell Technologies Pvt. Ltd.,"C-15, Thejaswini Technopark, Trivandrum- 695581",support@cellplc.com
CENTREE TECHNOLOGIES PVT LTD,"2nd Floor, Ashtamudi Tower, SEZ IT Building Technopark, Kundara, Kollam",hello@centree.in
Centre for Development of Advanced Computing [CDAC],"CDAC, Under MeitY, Govt. of India, Technopark Campus, Kariyavattam. P.O. Trivandrum",krct@cdac.in
CHORDIFY TECH INDIA PRIVATE LIMITED,"5TH FLOOR, AMSTOR BUILDING TECHNOPARK TRIVANDRUM",admin@chordify.com
Ciber Digita Consultants LLP,"Module No.A-21,Ground Floor, Gayatri Building,Technopark, Trivandrum,Kerala",contact@cdcllp.com
Cinch Business Solutions Pvt. Ltd.,"T6, Thejaswini 7th Floor, Technopark, Trivandrum.",info@cinchplc.com
Cleareye.ai Private Limited (Formerly known as AIWare Technology Systems Pvt Ltd.),"9A, Carnival Technopark, Phase I Campus Technopark Thiruvananthapuram",india@cleareye.ai
Clinipace Clinical Research Private Limited,"B16,Gayatri, Technopark, Trivandrum",info@caidya.com
Cloudplus Information Technologies Pvt Ltd,"SBC 1, II Floor Ashtamudi Tower, Technopark Kollam India",contact@cloudplusinfotech.com
CloudQ IT Services Private Limited,"2nd Floor Nila Building, Phase-1, Technopark, Kazhakkoottam, Thiruvananthapuram, Kerala",cto@cloudq.net
CODESVERA INFOTECH PVT. LTD.,"GROUND FLOOR, AMSTOR ANNEX BUILDING, TECHNOPARK, TRIVANDRUM",info@codesvera.com
Cognosin Pvt Ltd,"Kerala Startup Mission G3B Thejaswini, Technopark Trivandrum, Kerala",info@cognosin.com
COLLABORATIVE LEARNING LABS PRIVATE LIMITED,"C15, 3rd Floor, GAYATRI Building, Technopark,Phase-1, Thiruvananthapuram",info@collabll.com
Confianz Information Technologies Pvt Ltd,"4th Floor, Padmanabham Building, Technopark campus",sales@confianzit.biz
Conscience Business Solutions Pvt. Ltd.,"Module 2501, 5th Floor, Yamuna, Technopark Phase 3, Trivandrum, Kerala",info@conscience.co.in
Crayo Tech Business Solutions Pvt Ltd.,"Kerala Startup Mission, G3B, Thejaswini, Technopark Campus, Kariyavattom, Trivandrum, Kerala",info@crayotech.com
Creace Technologies Pvt Ltd,"4th Floor, Nila Building, Technopark, Trivandrum, Kerala, India",hr@creace.in
CRISTEL INNOVATIONS PVT. LTD.,"SBC-21, Thejaswini Building, Floor (-2), Technopark",info@cristelinnovations.com
CYBMIRROR INNOVATIONS LLP,"SBC-9, First Floor, Ashtamudi Building, Technopark, Kollam",info@cybmirror.com
Daiviksoft Technologies Private Limited,"SBC-2, Ground Floor, Kabani IT Building, Technocity, Technopark Phase 4, Pallipuram, Thiruvananthapuram",contact@daiviktech.com
DCUBE Ai Systems & Services Private Limited,"# 2702, 7th Floor, Yamuna Building, Phase III, Technopark, Thiruvananthapuram.",info@dcubeai.com
De'Antz Technological Solutions Pvt Ltd,"Start Up Mission, Thejaswini Building, Technopark Campus, Trivandrum",deantz2018@gmail.com
Deccan iServices private limited,"7B, Carnival Infopark, Technopark Campus, Trivandrum",jmohan@deccaniservices.in
DeviceDriven (India) Pvt Ltd,"Padmanabha, Technopark Campus, Trivandrum",info@devicedriven.com
Dexlock Technologies LLP,"3RD FLOOR, M SQUARED BUILDING, TECHNOPARK CAMPUS, KARIYAVATTOM, TRIVANDRUM, KERALA",info@dexlock.com
DIAGNAL TECHNOLOGIES PRIVATE LIMITED,"2206, Yamuna Building, Technopark Phase III, Trivandrum",contact@diagnal.com
Diginest Solutions Private Limited,"Nila, Ground Floor, Module No 011, Phase 1 Campus, Technopark",info@diginestsolutions.com
DIGITS LAB SOLUTIONS PRIVATE LIMITED,"SBC - 4, -2nd FLOOR, THEJASWINI BUILDING, TECHNOPARK, KARIAVATTOM P.O., THIRUVANANTHAPURAM",contact@digitslab.com
Dimensions Cybertech India Pvt. Ltd,"112, Nila, Technopark Campus, Trivandrum",info@dimensionsgroup.com
DIV10X BUSINESS SOLUTION PVT LTD,"MODULE 14, TOP FLOOR, GAYATHRI ,PHASE -1,TECHNOPARK,TRIVANDRUM",info@div10x.com
DOCKING STATION TECHNOLOGIES PVT. LTD.,"3rd floor, Gayatri, Technopark Campus, Thiruvananthapuram",info@dockingstation.co.in
Doubtbox Edutainment Pvt Ltd,"C-15, Thejaswini, Technopark, Thiruvananthapuram",hr@doubtbox.com
DP Industrial design & services (I) Pvt Ltd.,"Module: 2311, Yamuna Tower, Technopark Phase-III, Trivandrum",info@dpindustrial.design
DSI Technologies Private Limited,"B20-21, Gayatri building, Technopark Campus Kariavattom PO Trivandrum",dsitech@dsitechnologies.co.in
ECOWHITE ARCHITECTURAL ENGINEERING & TECHNOLOGY SERVICES PVT LTD,"431-432,NILA ,TECHNOPARK",sramesh@ecowhite.co.in
EDGAADI PRIVATE LIMITED,"KERALA STARTUP MISSION, G3B, THEJASWINI BUILDING, TECHNOPARK CAMPUS, TRIVANDRUM",adisankar@edgaadi.com
Edwiza Solutions Pvt. Ltd,"3rd Floor, CDAC Building, Technopark",info@edwiza.com
Electronics Technology Parks Kerala (Technopark),"Park Centre, Technopark Campus, Trivandrum",www.technopark.org
Elementz Engineers Guild Pvt Ltd,"SBC Cubicle No. 3 (-2 floor), Thejaswini Building, Technopark Campus, Thiruvananthapuram",hr@elementzonline.com
ELEMENTZ IT SOLUTIONS PRIVATE LIMITED,"Module No.7(B), 4th Floor, Gayatri Building, Technopark Phase I Campus",biz@elementzit.com
Elk Store,"KSUM, Ground Floor, Thejaswini",career@myelkstore.com
Elsys Intelligent Devices Pvt Ltd,"Elsys Intelligent Devices Pvt Ltd, Module-13, 4th floor,Nila Building Technopark.",hr@elsyslabs.com
Embedded Research & Innovation Software Labs Pvt Ltd,"F6, G3B, Tejaswini, Kerala Start Up Mission, Technopark Campus, Trivandrum- 695581, Kerala, India.",info@erislabs.com
Embright Infotech Pvt Ltd.,"KSUM, Thejaswini Building, Technopark Campus, Thiruvananthapuram",mail@embrightinfotech.com
Emin Soft Technologies Private Limited,"Amstor Building, Technopark Phase-1, Trivandrum",contact@eminsoftech.com
Enffie Technologies Pvt Ltd,"Module No.5, Basement Floor, Park Centre Building, Technopark, Thiruvananthapuram",mail@enffie.com
Enfin Technologies India Pvt. Ltd.,"C 24, -2 Floor, Thejaswini, Technopark Campus, Trivandrum, Kerala.",info@enfintechnologies.com
Entiresoft Technologies Pvt Ltd,"Entiresoft Technologies Pvt Ltd, KSM, D4, G3B, Thejaswini Building, Technopark Campus, Trivandrum, Kerala 695581",info@entiresofts.com
Entomo Technologies India Private Limited,"First Floor, Amstor Building, Technopark Campus, Kazhakoottam, Thiruvananthapuram",skp@entomo.com
Entregar Solutions Pvt limited,"Ground Floor ,Ashtamudi Tower, SEZ IT Building ,Technopark Campus, Kundara ,Kollam",info@entregarsolutions.com
Envestnet Asset Management India Private Limited,First Floor Bhavani Technopark Campus,director@trv.envestnet.com
Ergonomics Communication and Information Technologies (P) Ltd,"Module : 2803, Yamuna, Phasse III Campus, Technopark.",info@ergonomicscit.com
ESC UTILITY SERVICES PVT. LTD.,"SBC 2310, 3rd Floor, Yamuna Tower, Technopark phase III Campus, Trivandrum",hr@esc-ind.com
eSeller Technologies Pvt.Ltd,"2nd floor Amstor Annex building Amstor House, Technopark Campus, Karyavattom, Trivandrum.",info@esellertechnologies.com
ESTIARA SOFTECH PVT. LTD.,"SBC-2, Iind Floor, Ashtamudi Towers, Technopark, Kollam",info@estiaratech.com
Estrrado Technologies,"ACE 07,3rd Floor, CDAC Building, Technopark Campus, Trivandrum",hr@estrrado.com
E TEAM INFORMATICA INDIA PRIVATE LIMITED,"Ground Floor, Periyar Building, Technopark, Trivandrum",info@eteamindia.com
Eurosia BIM Services Pvt Ltd.,"SBC 2201, 2nd floor, Tower 2, Yamuna Building, SEZ campus, Technopark Phase III, Attinkuzhi, Trivandrum.",hr-india@eurosia.eu
EVALOGICAL PRIVATE LIMITED,"SBC-5,1st FLOOR, ASHTAMUDI TOWER, TECHNOPARK, KUNDRA, KOLLAM",info@evalogical.com
EXORBITANT SYSTEM SOLUTIONS INDIA PVT LTD,"Module 10,SBC, -2 Floor, Thejaswini Building, Technopark",info@exorbits.com
Experion Technologies (I) Pvt Ltd,"407, 4th Floor, Thejaswini, Technopark Campus, Thiruvananthapuram, Kerala, India",info@experionglobal.com
EXPONENTIAL DIGITAL SOLUTIONS PVT. LTD.,"LEVEL -2, STARTUP MISSION, THEJASWINI BUILDING",INFO@10XDS.COM
F12 Technologies (P) Ltd.,"Basement Floor, Periyar Building Technopark Campus Trivandrum",info@f12technologies.com
Faith InfoTech India P Ltd,"ABE2- Thejaswini Extension Techopark Campus, Thiruvananthapuram",training@faithinfotech.in
Fakeeh Technologies Pvt.Ltd,"1ST FLOOR, M SQUARED BUILDING, TECHNOPARK CAMPUS, KARIYAVATTOM, TRIVANDRUM, KERALA",careers@fakeeh.tech
FAYA INNOVATIONS,"L-13,-1 Floor,Thejaswini Building,Technopark Campus Phase-1,Kariyavattom PO, Kazhakuttom,Trivandrum,Kerala",hr.india@fayausa.com
Feathersoft Info Solutions Pvt. Ltd.,"SBC 22, 2 floor, Thejaswini Building, Technopark Phase I Campus Trivandrum",careers@feathersoft.com
FieldNXT Service Solutions Pvt. Ltd.,"TBIC#12, -2, KSUM, ThejaswiniBuildings",career@fieldnxt.com
Finastra (D+H Solutions India Private Limited),"Sixth Floor, Plot 2, Leela Infopark, Technopark, Thiruvananthapuram, Kerala, India",Trivandrum.Administration@finastra.com
Fingent Technology Solutions Private Limited,"SBC No : 2309, Yamuna, Technopark Phase III",info@fingent.com
FISCHER SYSTEMS INDIA PRIVATE LIMITED,"224, NILA, TECHNOPARK, KARIAVATTOM, TRIVANDRUM, KERALA, INDIA",Fischer.India@fischeridentity.com
Flytxt Mobile Solutions Pvt. Ltd.,"7th Floor, Leela Infopark Technopark Trivandrum",info@flytxt.com
FOCAL3 SOFTWARE PRIVATE LIMITED,"2nd Floor, Carnival Technopark, Technopark Campus, Karyavattom.PO, Trivanrum, Kerala, India.",office@focal3.com
FoundingMinds Software Pvt Ltd,"L-16, Lower Ground Floor Thejaswini,Technopark Campus Trivandrum",info@foundingminds.com
FOURSPOTS INTERACTIVE SOLUTIONS PRIVATE LIMITED,"4th Floor, Amstor House, Technopark",ranjan@4spots.com
Foxdale Pvt Ltd.,"Module C, 6 th Floor, Bhavani",support@foxdale.in
FRESH MIND IDEAS PVT. LTD,"FRESH MIND IDEAS PVT. LTD, G3B, Thejaswini,, Technopark Campus, Thiruvananthapuram, Kerala",inbox@freshmindideas.com
FutureBlox Technologies Pvt Ltd,"Ground Floor, Carnival Technopark Building, Technopark Campus, Trivandrum",info@futureblox.in
Fynamics Business Solutions Pvt Ltd,"G1, Ground floor, KSUM, Thejawsini Building Technopark Campus",info@finline.in
GAUDE BUSINESS SOLUTIONS PVT LTD,"Ground Floor, Thejaswini Buliding, Technopark , Trivandrum, Kerala, India",ceo@gaudesolutions.com
G D INNOVATIVE SOLUTIONS PVT LTD,"C-13, THEJASWINI BUILDING TECHNOPARK CAMPUS TRIVANDRUM",info@gdinnovativesolutions.com
GEMINI SOFTWARE SOLUTIONS PVT. LTD.,"414 - 415, NILA, TECHNOPARK, TRIVANDRUM",gemini@geminisoftware.com
Genpro Research Private Limited,"II Floor, Nila Building, Technopark Campus, Trivandrum, Kerala",hr@genproresearch.com
GENROBOTIC INNOVATIONS PRIVATE LIMITED,"Thejaswini Buliding Technopark , Trivandrum, Kerala, India",career@genrobotics.org
Globcom Solutions Pvt Ltd.,"Module 2502, 5th floor, Yamuna Building Technopark Phase -3, Thiruvananthapuram",info@globcomsolution.com
Good Methods Software Solutions Pvt.Ltd.,"6th, Floor, Yamuna Building, Phase III ,Technopark, Trivandrum",info@carestack.com
Green Orchid Software Solutions Pvt Ltd,"Module C14, -2 Floor, Tejaswini, Technopark, Trivandrum, Kerala, India.",info@greenorchidplc.com
Grid Engineering Services,"2nd Floor, B19, Gayatri Building, Technopark Campus, Trivandrum Kerala",info@grdeng.com
Group of Technology Companies (GTECH),"Ground Floor, Nila Building, Technopark Phase 1",vishnu.nair@gtechindia.org
Guidehouse India Private Limited,"Third Floor, Bhavani building, Phase 1 Campus Technopark, Trivandrum",mahendra.rawat@guidehouse.com
Hepsoft Technologies Pvt Ltd,"4th Floor, Nila Building, Technopark Campus, Karyavattom",business@hepsoft.com
Hiworth Solutions (P)Ltd,"C-23,Thejaswini Building,Technopark,Trivandrum.",info@hiworthsolutions.com
HODO MEDICAL INFORMATIC SOLUTIONS PVT. LTD,"Module No- L-15, -1 Floor, Thejaswini Building, Technopark Campus, Trivandrum",hodo@hodo.in
HOSTDIME DATA CENTRE SERVICES PRIVATE LIMITED,"AMSTOR HOUSE ANNEXE, TECHNOPARK CAMPUS THIRUVANANTHAPURAM",info@hostdime.in
HUG DIGITAL Pvt. Ltd,"SBC 13, Level (-2), Tejaswini, Technopark, Trivandrum",tvm@hugdigital.com
HYZ VENTURES INTL PRIVATE LIMITED,"GE, GROUND FLOOR, PADMANABHAM, TECHNOPARK, Karyavattom P O, TVPM",info@hyzventures.com
iANTZ IT SOLUTIONS PVT. LTD,"3rd floor , M-Squared Building, Technopark Campus",info@iantz.in
IBIL Solutions Pvt Ltd,"Third Floor, Gayatri Building Technopark Phase-I Campus, Trivandrum",info@ibilglobal.com
iBoson Innovations Private Limited,"TBC 13, -2 Floor, KSUM, Thejaswini, Tecchnopark Campus, Kazhakootam",info@ibosoninnov.com
ICON Clinical Research India Pvt. Ltd.,"Unit No. 11 A & B, Leela Infopark, Technopark Campus, Kariyavattom P.O. Trivandrum",infotvm@iconplc.com
iCore Pioneer Business Solution Pvt Ltd,"T-TBI A(10), Ground Floor, Thejaswini Building, Technopark Campus",info@icorepioneer.com
ICT Academy of Kerala,"MODULE NO. G 1, Ground Floor, Thejaswini Building, Technopark. Thiruvananthapuram",info@ictkerala.org
iDynamics Ltd,"Level-2, C-2, Thejaswini, Technopark Campus",nagarajan@idynamics.com
IGNOSI ENTERPRISES,"Ground Floor, Tejaswini Building, Technopark, Trivandrum",info@ignosi.in
IIC Web Solutions Pvt Ltd.,"4th Floor, Nila Building , Technopark",touch@iicwebsolutions.com
ILE ILEARNINGENGINES INDIA PVT LTD,"2nd FLOOR, M SQUARED BUILDING, TECHNOPARK CAMPUS, KARIYAVATTOM, TRIVANDRUM, KERALA",hr_ops@ilearningengines.com
InApp Information Technologies India Pvt Ltd,"209 S, 9th Floor, Yamuna, Technopark Phase 3.",hr@inapp.com
InApp Information Technologies India Pvt. Ltd.,121- 124 Nila Technopark Campus Trivandrum,hr@inapp.com
Incredible Visibility Solutions Private Limited,"4th Floor, Ashtamudi Tower, Technopark, Kundara, Kollam, Kerala",hello@incrediblevisibility.com
Indian Institute of Information Technology and Management - Kerala (IIITM-K),IIITM-K Campus Technopark Karyavattom PO Thiruvananthapuram,info@iiitmk.ac.in
INDUSTRON NANOTECHNOLOGY PVT LTD,"401, 4TH FLOOR, THEJASWINI BUILDING, TECHNOPARK, TRIVANDRUM",shafee@industronnano.com
Infoblox Technical Support and Software Development Pvt Ltd.,"109-N, 9th Floor, Ganga Building, Technopark Phase-III, Trivandrum",indiaoffice@infoblox.com
Infonetonix Private Limited,"Plot No.5, Amstor House, Technopark Campus, Karyavattom P O, Trivandrum",info@infonetonix.co.in
Infospica Consultancy Services,"2301, Third Floor, Yamuna, Phase-III, Technopark, Trivandrum",info@infospica.com
Infynith Technomission Private Limited,"G3B, KSUM, Tejaswini",info@infynith.com
Innoneur IT Ventures Private Limited,"T-TBI, -2 Floor, TBIC-18, Thejaswini",hi@innoneur.com
InnoVal Digital Solutions Private Limited (IVL),"Fifth Floor, Thejaswini, Technopark, Trivandrum",info@ivldsp.com
Innovatise Technology Private Limited,"G3B, Thejaswini, Technopark Campus",rajesh@innovatise.com
Innure Infotech Pvt.Ltd,"Module No-14, 4th Floor,Nila Building, Technopark Campus,Trivandrum",info@innure.com
INOMETRICS TECHNOLOGY SYSTEMS PVT LTD,"NILA, 4TH FLOOR, TECHNOPARK, TRIVANDRUM",chindukrishna@inometrics.com
INOVACE DIGITAL MEDIA LLP,"Inovace Digital Media Ltd 4th Floor, CDAC Building, Technopark Phase 1, Kazhakoottam. Trivandrum, Kerala",hr@inovace.in
Inspirisys Solutions Limited,"311,Nila,Technopark",infoisl@inspirisys.com
Integral Business & Investment Solutions Pvt Ltd,"Module No. GF-NS-B, Ground Floor, Nila Building, Technopark, Trivandrum. Kerala",jijimon.rv@ibisequities.com
Integrated Order Automated Solutions Pvt.Ltd.,"Kerala Startup Mission, G3B, Thejaswini, Technopark Rd, Technopark Campus, Karyavattom, Thiruvananthapuram",info@ioas.in
Intella Ecom IT Solution Pvt Ltd,"1c,First floor,Padmanabham,Technopark",contact@intellaecomits.com
Intellizenz Innovation Breakthroughz Pvt. Ltd.,"Amstor, 1st Floor, Technopark, Thiruvananthapuram, Kerala",admin@intellizenz.co.in
Interland Technology Services Pvt.Ltd.,"8th floor. Yamuna. Techno Park Phase III, TRIVANDRUM, KERALA STATE 695581",INFO@INTERLANDTECH.COM
Intriad Innovations Pvt Ltd,"KSUM, Groundfloor, Tejaswini Building, Technopark, Thiruvananthapuram",operations@intriadinnovations.com
IQMATRIX INFOWAYS SOLUTIONS PRIVATE LIMITED,"Ground Floor, Padmanabham Building, Technopark, Trivandrum",sasilekha.rajeev@iqmatrix-solutions.com
ITC Infotech India Limited,"404 Thejaswini, Technopark Campus,Thiruvananthapuram,Kerala",ps.rajesh@itcinfotech.com
iTraitz IT Solutions Pvt. Ltd.,"115(S), 1st Floor, Nila Technopark Campus Trivandrum",tthankachan@itraitz.com
IVA (International Virtual Assistance Pvt Ltd),"B-10, Park Centre, Technopark Campus Trivandrum",bd@iva.org.in
JHF IT Services Pvt.Ltd,"Module 8, 4th floor, Gayathri building, Technopark Phase-1 Campus, Thiruvananthapuram",fahad@jhfitservices.com
Kameda Infologics Pvt Ltd,"2nd Floor, Amstor House, Technopark Campus Trivandrum, Kerala.",contact@kamedainfologics.com
Kawika Technologies Pvt Ltd,"Module 12, 4th Floor, Gayathri Building ,Technopark",info@kawikatechnologies.com
KBS Technologies Pvt. Ltd,"Module 7, Basement Floor, Park Centre Technopark, Trivandrum",kbstvm@kbstechsolutions.com
Kefi Tech Solutions Pvt Ltd,"Module D1, Ground Floor, Periyar Building, Phase 1, Technopark Campus Trivandrum, Kerala, India",info@kefitech.com
Kennedys Kognitive Computing Private Limited,"Ground Floor, Chandragiri, Technopark, Trivandrum",contactus@kognitivecomputing.com
Kerala Start-up Mission,"Kerala Start-up Mission, G3B, Thejaswini Building, Technopark Campus, Kariyavattom, Trivandrum",response@startupmission.in
Kerala State Data Center,"Kerala State E-Governance Data Center Thejaswini Building, Basement -1 Floor, Techno park Campus Trivandrum - 695581",binu.jacob@sifycorp.com
"Kerala University of Digital Sciences, Innovation and Technology","Technopark Phase-IV Campus (Technocity), Mangalappuram, Thonnakkal PO, Trivandrum, Kerala",info@duk.ac.in
Kimball Electronics India Pvt. Ltd,"First Floor, Padmanabham Building, Technopark Campus, Karyavattom P.O, Trivandrum, Kerala, India",GESSales@geservs.com
Klystron Technologies,"Office Nbr:2210, Yamuna Building. Technopark Phase-III",hr@klystronglobal.com
Kraftvoll Technologies Private Limited,"Ground Floor, Amstor House Technopark",info@cankado.in
KRISHNANS EDUTECH LLP,"Kerala Startup Mission, Thejaswini Building, Technopark Campus, Trivandrum",support@onlinepsccoaching.com
Kvaliteta Systems and Solutions Pvt Ltd,"SBC 2207,2nd floor,Yamuna Tower Technopark Phase 3 campus Trivandrum-695583",info@kvaliteta.in
LAJU SOFTECH PVT LTD,"Kerala Startup Mission, Ground Floor Thejaswini, Technopark Trivandrum",lajusoftech@gmail.com
LambdaZen India Private Limited,"3rd Floor, Amstor Building, Technopark Campus, Trivandrum",sreesankar@lambdazen.com
LAW QUBE TECHNOLOGIES PVT LTD,"KSUM, THEJASWANI BUILDING, TECHNOPARK, TRIVANDRUM",info@lawqube.com
LEADER IT PRIVATE LIMITED,"SBC 1, -2 FLOOR, THEJASWINI BUILDING, PHASE 1, TECHNOPARK CAMPUS, KARYAVATTOM P O, TRIVANDRUM, KERALA",p.sabir@leadergroup.com
Lean Transitions Solutions,"Basement Floor, Periyar Building, Technopark Phase -1, Trivandrum",info@LTSLean.com
Lightrains Technolabs Pvt Ltd,"G3B, Thejaswini, Technopark Campus, Trivandrum, Kerala",hello@lightrains.com
Litmus7 Systems Consulting Pvt Ltd.,"Phase 3, Yamuna building 2nd floor, SBC Module #2208 Technopark, Trivandrum",info@litmus7.com
Livares Technologies,"Module 2501(B&C), Fifth Floor, Yamuna Building, Technopark Phase 3, Trivandrum.",contact@livares.com
Logidots Technologies Pvt Ltd,"KSUM, G3B Thejaswini",www.logidots.com
LS-APPS Solution Private Limited,"SBC-05, Thejaswini, Technopark , Trivandrum",info@lsapps.in
Lumicel Technologies LLP,"2703, 7th Floor, Yamuna Building (Tower-II) South, Phase III SEZ Campus, Technopark, Trivandrum, Kerala, India",info@lumicel.net
LUMINESCENT SOFTWARE PRIVATE LIMITED,"SBC 2307, 3RD FLOOR, YAMUNA (SEZ) BUILDING, TECHNOPARK PHASE - III, KARYAVATTOM P.O., THIRUVANANTHAPURAM.",info@luminescent.digital
Luxorian System P Ltd,"1 E ,1st Floor, Carnival Technopark, Plot 2 Next to Nila, Technopark Phase 1 Campus, Trivandrum",hrluxoriantechnopark@gmail.com
M2i,M-Squared Building Technopark Campus Thiruvananthapuram,info@m2infotek.com
Macrosoft IT Solutions India Pvt. Ltd,"Module 2302, 3rd Floor, ""Yamuna"" Building, TP Phase III (SEZ)",info@macrosoftindia.com
Macrosoft IT Solutions India Pvt. Ltd,"331, Nila, 3rd Floor, Technopark Phase I",info@macrosoftindia.com
Magnicode Solutions Pvt. Ltd.,"Module 6, Level 4, Nila",sreelal@magnificentcode.com
Marvelloux Apps Pvt Ltd,"Ground Floor, Gayatri Building, Technopark Phase I, Trivandrum",arjun@marvelloux.com
McFadyen Consulting Software India Pvt Ltd,"5th Floor, M-Squared Annex Building Technopark Campus, Kariyavattom PO, Trivandrum",mcfind@mcfadyen.com
Mediscribes Infotech (India) LLP,"Third Floor, Amstor Annex Building, Amstor House",aneesh.p@mediscribes.com
Mediscribes Infotech India LLP,"SBC-6, Second Floor, Ashtamudi Towers, Technopark, Kollam.",aneesh.p@mediscribes.com
MEDITREE SOLUTIONS PVT LTD,"SBC-8 , THIRD FLOOR , ASHTAMUDI BUILDING , TECHNOPARK KUNDARA KOLLAM",ceo@meditreesolutions.com
Mergious IT Solution Pvt Ltd,"KSUM, Ground Floor, Thejaswini",career@mergious.com
Mettle Networks Pvt Ltd,"Floor 3, Amstor House, Technopark Campus, Trivandrum",info@mettlenetworks.com
Mibiz Cyber Forensics Laboratory,"G3B, Thejaswini, Technopark Campus, Thiruvananthapuram, Kerala, India",info@mibizsys.com
Middle East Technologies (P) Ltd.,"405-A, 4th Floor, Thejaswini Building, Technopark Campus, Kerala - 695581. India.",ceo@metechnologies.biz
MINDLOGUE TECHNOLOGIES LTD,"MODULE NO. C-15B, THEJASWINI BUILDING TECHNOPARK, KARIAVATTOM, KAZHAKUTTOM TRIVANDRUM",dialogue@mindlogue.ltd
Mobatia Technology Private Limited,"1st Floor, 1 B, Leela Infopark , Technopark Campus, Trivandrum",info@mobatia.com
Mozanta Technologies Private Limited,"T-5, 7th Floor, Thejaswini, Technopark, Trivandrum",reachus@mozanta.com
M Squared Software & Services (P) Ltd.,M Squared Building Technopark Campus Trivandrum,m2info@m2comsys.com
MUTHOOT PAPPACHAN TECHNOLOGIES LTD.,"14th FLOOR, CARNIVAL TECHNOPARK, TECHNOPARK CAMPUS, KARIYAVATTOM P.O., TRIVANDRUM",jkrishnan@muthoot.com
MyTsys Software Solutions Pvt. Ltd.,"Module No.6, Basement Floor, PARK CENTRE Building, Phase-I Campus, Technopark, Kerala",info@mytsys.com
Naga Info Solutions Pvt Ltd,"Module No 2505, 5th Floor, Yamuna Building, Technopark Phase III",mail@nagainfo.com
NASSCOM,Kerala Regional Office Cubicle 1 First Floor Park Centre Technopark Thiruvananthapuram,kerala@nasscom.in
Navigant BPM India Private Limited,"Mod.111- S. 11th Floor, Ganga, SEZ IT Building, Technopark Phase III Campus, Trivandrum",admintvm@navigantbpm.com
NeedStreet Web Technologies Pvt Ltd,"Padmanabham, Technopark, Trivandrum",info@needstreet.com
NEOLOGIX SOFTWARE SOLUTIONS,"1E, Leela Infopark Building, Technopark, Trivandrum, Kerala, India.",info@nlindia.com
Neonicz Software Solutions Pvt Ltd,"Ground Floor, G3B, Thejaswini Building, Technopark Campus, Kariyavattom, Trivandrum",info@neonicz.com
NetPro Media Advertising Pvt.Ltd,"Second Floor, Amstor Annex Building, Technopark, Trivandrum",hr@netpromediaindia.com
Netroxe IT Solutions Pvt Ltd,"Kerala Startup Mission, G3B, Thejaswini, Technopark.",mail@netroxe.com
NETWALK Technologies (India) Private Limited,"4th Floor, Amstor Annex, Technopark, Trivandrum",info@netwalk.co.in
Neuroplex Private Limited,"Future Technologies Lab, 7th Floor, Thejaswini Building",mail@neuroplex.in
NexGenSm Software Services Private Limited,"SBC 2308,3rd Floor, Yamuna Building, Technopark Phase III, Trivandrum",info@nexgensm.com
NIRAST Solutions Private Limited,"Amstor Building, Technopark Phase-1, Trivandrum",hr@nirasystems.com
NKORR Technologies Pvt Ltd,"4F, Amstor House, Technopark, Trivandrum",info@nkorrtech.com
NOON TECHNOLOGIES PRIVATE LIMITED,"4th Floor, Nila Building, Technopark, Trivandrum, Kerala, India - 695 581",business@noontechnologies.com
Noratel India Power Components Pvt Ltd,"VI Floor, Nila Technopark Trivandrum Kerala, INDIA",info@noratel.in
NXTLIVE TECHNOLOGIES PRIVATE LIMITED,"Thejaswini Building, C-15 B",teamnxt@nxtlive.com
Oitolabs Technologies Private Limited,"Amstor Information Technology (India) Pvt. Ltd. 3rd, Floor, Plot No. 5, Technopark Campus Karyavattom, Trivandrum",finance@oitolabs.io
OptioLogic Technologies Pvt Ltd,"Smart Business Centre Cubicle No.26 , C-Level, (-2) ,Thejaswini building",enquiry@optiologic.com
OrderStack (TNGONE SOFTWARE LABS PRIVATE LIMITED),"1ST FLOOR, M SQUARED BUILDING, TECHNOPARK CAMPUS, KARIYAVATTOM, TRIVANDRUM, KERALA",contact@orderstack.io
OrisysIndia Consultancy Services LLP,"D3, 6th Floor, Bhavani Building",contact@orisys.in
Ospyn Technologies Pvt Ltd,"408, 4th Floor, Thejaswini, Technopark, Trivandrum, Kerala, India",info@ospyn.com
OZTERN TECHNOLOGY PRIVATE LIMITED,"A-18 A-19, First Floor, Gayathri Building, Technopark, Trivandrum.",info@oztern.com
Palnar Transmedia Pvt Ltd,"2nd Floor, Gayathri Building, Technopark, Trivandrum",hrindia@palnar.com
Pearlsoft Technologies LLP,"Module No.2, -2 floor, Thejaswini Building, Phase I, Technopark, Trivandrum",joinus@pearlsofttechnologies.com
Perfomatix Solutions Private Limited,"Ground Floor, Carnival Technopark, Technopark Campus, Trivandrum",hr@perfomatix.com
Phykon Solutions Private Limited,"L-11, B1, Thejaswini Building, Technopark Campus, Karyavattom, Trivandrum.",board@phykon.com
PICK2HEAL LAB LLP,"G3B, Thejaswini Building, Technopark Campus, Thiruvananthapuram, Kerala",contact@pick2heal.com
PI-DIGI logical Solutions Pvt Ltd,"SBC Module No.30, Basement Floor 2, Thejaswini Technopark Campus",info@pi-digi.com
PIT Solutions Pvt Ltd,"L7 & L8, Thejaswini Technopark, Trivandrum, Kerala, India",enquiries@pitsolutions.com
PIT Solutions Pvt LTD,"Module No. 209-N, 9th Floor, Yamuna, SEZ IT Building, Technopark Phase III, Thiruvananthapuram, Kerala, India",enquiries@pitsolutions.com
Pivotsys Technologies Pvt. Ltd.,"Pivot Systems, Inc. 334 Nila, Technopark Trivandrum",hr-tvm@pivotsys.com
POLUS SOFTWARE PVT LTD,"1A, FIRST FLOOR LEELA INFOPARK TECHNOPARK",hr@polussoftware.com
Prayan Animation Studio Pvt Ltd,"B-12, Tejaswini-1, Technopark, Trivandrum, Kerala India",info@prayananimation.com
Prayan Infotech Pvt. Ltd.,"B-12, Tejaswini-1, Technopark, Trivandrum, Kerala India",info@prayaninfotech.com
Press Ganey Associates India Private Limited,"Level 4 (L1), Thejaswani, Phase 1, Technopark Campus, Trivandrum",hr-pgindia@pressganey.com
Prochant India Pvt ltd,"1st Floor, M-Squared Annexure Building, Technopark Phase-1, Kazhakuttom, Trivandrum",promoindia@prochant.com
PromptTech Middle East Private Ltd.,"Module No 315, Nila Building, Technopark Campus",anuroop@prompttechsolutions.com
Protium Logic IT Services Pvt Ltd,"Module - 11, TBIC Tejaswini, Technopark Trivandrum",business@protiumlogic.com
Proudeon Internet Solutions Pvt Ltd,"B-02 , Ground Floor Pamba Building Technopark Campus",proudeon@gmail.com
QAWebPrints Infocorp,"SBC-6, 1st floor, Ashtamudi Building, Technopark, Kundara, Kollam",info@qawebprints.com
QBurst Technologies Private Limited,"Module No. 107, 7th Floor, Ganga Building, Phase 3 Campus, Technopark, Trivandrum",roseline@qburst.com
QBurst Technologies Pvt. Ltd.,"C22, Thejaswini Technopark Phase 1",hr@qburst.com
Q-DevEngine Private Limited,"Ground Floor, Carnival Technopark Building, Plot No 2 Technopark Campus,Kazhakootam Thiruvananthapuram, Kerala",info@q-devengine.com
QMSmart Technologies Pvt Ltd.,"SBC, Thejaswini Building, Technopark Campus, Trivandrum.",sajitha.s@qsmart.net
QRECH GLOBAL SOLUTIONS PVT LTD,"1st Floor M Squared building, Technopark Campus, Thiruvananthapuram",support@qrech-global.com
Quadance Technologies Pvt. Ltd.,"1st Floor, Amstor House, Plot No. 5, Technopark Campus, Kazhakuttom, Trivandrum",info@quadance.com
Quiits Technologies Private Limited,"SBC Module No 7, 3rd Floor, Ashtamudi Tower, Technopark, Kollam",info@quiits.com
Qworks Technologies Pvt Ltd,"ACE-13, 4th Floor, ACE-CDAC Building, Technopark, Thiruvananthapuram. Kerala.",sruthi@qworks.co
QWY Technologies PVT LTD,"Module No 1, 4th Floor, Gayatri, Technopark, Kazhakoottam, Thiruvananthapuram, Kerala",hr@qwytech.com
Rainconcert Technologies Private Limited,"410, 4th Floor, Thejaswini, Technopark, Trivandrum",info@rainconcert.in
Realeffecx Technolabs LLP,"KSUM, Ground floor, Thejaswini, Technopark campus, Tvm",info@realeffecx.com
REDEFINE (Division of DNEG India Media Services Ltd),"Third Floor, Padmanabham, Technopark Phase 1 Campus Trivandrum",info@redefine.co
REFINED IT SOLUTIONS AND MARKETING PVT LTD,"Module No : 13 , Gayathribuilding , Phase I , Technopark",contact@refined.co.in
Reflections Info Systems Pvt Ltd,"9A2, Carnival Technopark, Thiruvananthapuram, Kerala, India",info@reflectionsinfos.com
REIZEND IT CONSULTANTS,"SBC Module 11, -2 Floor, Thejaswini Building, Technopark phase 1, Trivandrum",info@reizend.in
REIZEND PRIVATE LIMITED,"SBC Module 15, -2 Floor, Thejaswini Building, Technopark phase 1, Trivandrum",info@reizendretail.in
Resfeber Infosolutions Private Limited,"Kerala Startup Mission G3B, Thejaswini, Technopark Campus, Kariyavattom, Thiruvananthapuram, Kerala",kavitha@travelspoc.com
Revyrie Global,"17, Lower Ground 1, Thejaswini, Technopark Campus",hello@revyrieglobal.com
Rewards MysearchGlobal Pvt Ltd,"Module #4, Roof Top, Gayatri Building, Technopark Phase -I, Kazhakuttom",sofinazir@mysearchglobal.com
Reynex Software Pvt Ltd,"C-08, Level (-2), Thejaswini Building, Technopark",sarath@reynex.net
RICHINNOVATIONS,"ICFOSS, 7th Floor, Thejaswini Building, Technopark Campus, Thiruvananthapuram, Kerala, India",hello@richinnovations.in
RICHKEN MEDIA PRIVATE LIMITED,"Module No.2304, 3rd Floor, Yamuna Building, Phase III, Technopark",contact@richkenmedia.com
Riverswave Technologies Pvt. Ltd,"Unit No. 2C, 2nd Floor, Carnival, Technopark Campus, Thiruvananthapuram, Kerala, India",info@riverswavetech.com
Rootlet Technologies Pvt Ltd,"SBC 4, Third Floor, Ashtamudi Tower, SEZ Campus, Technopark Kollam",info@rootlettechnologies.com
RP Techsoft International Private Limited,"9A, Leela Info Park, Plot 2 Technopark, Trivandrum",info@rptechsoft.com
RR Donnelley India Outsource Pvt Ltd.,"6th Floor, Thejaswini Building, Technopark, Kariavattom (PO), Trvandrum",careers.trivandrum@rrd.com
RSGP Consulting Pvt. Ltd.,"Module No. 2504(b), 5th Floor, Yamuna Building, Phase III, Technopark, Trivandrum",hr@rivervalleytechnologies.in
Saasvaap Techies Private Limited,"Module No.B-11, B-12, 3 rd Floor, Gayatri Building, Phase-I Campus,Technopark, Thiruvananthapuram",admin@saasvaap.com
SADA Systems India Pvt Ltd,"CDAC ACE-03, 3rd Floor, CDAC Building, Technopark Campus, Thiruvananthapuram,",connect.india@sada.com
SATURN SYSTEMWARES PRIVATE LIMITED,"FIRST FLOOR, LEELA INFOPARK TECHNOPARK, TRIVANDRUM KERALA STATE, INDIA",business@saturn.in
Scalasoft Global Solutions Private Limited,"5th floor Padmanabham Building, Technopark Campus",info@scalasoftglobal.com
Scientific Vision Pvt Ltd,"TC No. 98/102, M Squared Building, Technopark Campus Kariavattom Thiruvananthapuram",varghese@svsoftware.org
SCSOFT Technologies Pvt Ltd,"Ground Floor, Leela Infopark Building, Technopark, Trivandrum",contact.us@scsoft.com
SEAVIEW SUPPORT SYSTEMS PRIVATE LIMITED,PADMANABHAM TECHNOPARK KARIYAVATTOM P O TRIVANDRUM,info@svw.com
Security Iris,"First Floor, Amstor Annex bulding, technopark campus, kazhakootam",info@securityiris.com
SE-Mentor Solutions (P) Ltd,"2nd Floor, Gayathri Building, Technopark Campus Trivandrum, Kerala, India",info@se-mentor.com
SEPTA MILLES PRIVATE LIMITED (LIFOLOGY),"1ST FLOOR, M SQUARED BUILDING, TECHNOPARK CAMPUS,KARIYAVATTOM, TRIVANDRUM,KERALA",info@lifology.com
SEQATO Software Solutions Pvt. Ltd.,"Level-1, Nila Building, Technopark Campus",rp@seqato.com
SequoiaAT India Private Limited,"Module No.1A, Ground Floor, PERIYAR Building, Phase-I Campus, Technopark",admin@sequoiaat.com
SFO Technologies Pvt Ltd (A NeST Group Company),"A3, Periyar, Technopark campus, Kariyavattom Trivandrum, Regd office Address SFO Technologies Pvt ltd, Plot 2, Special economic zone, kakkanad, cochin - 682037",reni.jacob@nestgroup.net
ShellSquare Softwares Pvt. Ltd.,"1st floor, Periyar Building, Technopark Phase I, Kerala.",info@shellsquare.com
Shree Deepam Infotech Private Limited,"SBC-23, Thejaswini Building, Technopark, Thiruvananthapuram",mail@deepaminfo.com
SIGTECH WIRELESS TECHNOLOGIES PVT LTD,"Module No : 12 - E , Basement Floor - 1 Thejaswini Building , Technopark Campus Trivandrum - 695 581 Kerala",info@sigtechwireless.com
Simplogics Solutions Pvt Ltd,"Level -1,Thejaswini,Technopark, Trivandrum, Kerala, India",hr@simplogics.com
Sinura Health Information Process Soluions (SHIPS) Pvt Ltd,"2nd Floor, M Squared Building, Technopark, Trivandrum 81",info@sinurasolutions.com
Skywalk Global India Private Limited,"2nd Floor, Gayatri Building, Technopark Phase-I Campus, Trivandrum",contact@skywalkglobal.net
SMARTHMS & SOLUTIONS PRIVATE LIMITED,"SBC 14, -2 Floor, Thejaswini Building, Technopark Phase 1",info@shmsolutions.in
Socius Innovative Global Brains Pvt. Ltd.,"7th floor, Yamuna building , Technopark PhaseIII, Trivandrum.",info@sociusigb.in
Softnotions Technologies Private Limited,"Module No.B, 6 th Floor, Bhavani Building, Phase-I Campus, Technopark, Trivandrum",ronysebastian@softnotions.com
SOLUTINO TECHNOLOGIES PVT LTD,"SBC #24, LEVEL (-2), THEJASWINI, TECHNOPARK TRIVANDRUM, KERALA, INDIA",manaf@solutinotechnologies.com
Somnoware Healthcare Systems Pvt Ltd,"6th Floor, Yamuna Building, SEZ, Technopark Phase 3, Trivandrum",hr_india@somnoware.com
Sparkling Design and Infotech Pvt Ltd,"215 Nila, Technopark, Trivandrum.",info@sparklingapps.com
Spericorn Technology Private Limited,"Spericorn Technology Private Limited, Amstor Building, Technopark Phase I, Trivandrum",info@spericorn.com
Speridian Technologies Pvt Ltd,"8TH FLOOR, MODULE NO 108, GANGA BUILDING, TECHNOPARK PHASE-III CAMPUS, KULATHOOR, TRIVANDRUM",vivek.nair@speridian.com
Speridian Technologies Pvt Ltd,"G2, Thejaswani Campus, Technopark Campus, Trivandrum",info@speridian.com
Spotwriters Technologies Pvt Ltd,"SBC No - 20,Thejaswini Building Technopark Campus, Technopark",hr@spotwriters.com
SREE ANAND TRAVEL & TECHNOLOGIES PVT. LTD.,"SBC-12, Basement Floor 2, Thejaswini Building, Techno Park Campus, Karyavattom (PO), Thiruvananthapuram",hr@anandtravel.com
Srishti Innovative Computer Systems Pvt Ltd,"1 C, 1st Floor, Leela Infopark, Technopark Campus, Trivandrum",support@srishtis.com
SRS Global Technologies Pvt Ltd,"-1 level Floor, Thejaswini Building, Technopark, Karyavattom PO, Thirivananthapuram, Kerala",operations@srsglobaltechnologies.com
Stabilix Solutions Pvt. Ltd.,"Stabilix Solutions Pvt. Ltd., 212, Nila, Technopark, Thiruvananthapuram, Kerala - 695 581, India.",info@stabilix.com
Standout IT Solutions(P) Ltd.,"3rd Floor,NILA",operations@sitstech.com
Steerforth Private Limited,"Basement Floor, Park Centre, Technopark Phase 1, Kariyavattom, Thiruvananthapuram",info@steerforth.in
SUBDINE SOLUTIONS PVT LTD,"G3B, Thejaswini Building, Technopark Campus",contact@subdine.com
SubHosting Innovations Pvt Ltd,"SBC Module No. 2211, 2nd floor, Yamuna Building, Phase III SEZ Campus, Technopark, Thiruvananthapuram",contact@subhosting.net
SUSOPT SOLUTIONS PRIVATE LIMITED,"1ST FLOOR, M SQUARED BUILDING, TECHNOPARK CAMPUS, KARIYAVATTOM, TRIVANDRUM, KERALA",info@susopt.com
Sweans Technologies Pvt Ltd,"Medisweans solutions 3rd Floor, Gayathri Building Technopark, Trivandrum Kerala, India - 695 581",Info@sweans.com
SYNCRAYONS TECHNOLOGIES PVT LTD,"4th Floor, Amstor House Annexe, Technopark, Trivandrum",rakhee@syncrayons.com
Syntrio Technologies,"2605, 6th Floor, Yamuna, Phase III SEZ Campus, Technopark",info@syntrio.in
Syntrio Technologies Pvt Ltd,"1ST FLOOR, M SQUARED BUILDING, TECHNOPARK CAMPUS, KARIYAVATTOM, TRIVANDRUM, KERALA",info@syntrio.in
Tangentia Travancore Pvt Ltd,"Suite 2801, 8th Floor, Yamuna Building, Technopark Phase 3, Trivandrum",trivandrum@tangentia.com
Tata Elxsi,4th Floor Yamuna Building Technopark phase 3,info@tataelxsi.com
TBF Technology Pvt Ltd,"Nila 12 - 4th Floor, Technopark , Trivandrum - Kerala",dgm@tbfventures.com
Techband Technologies Private Limited,"SBC-19, Floor (-2), Thejeswini, Technopark, Trivandrum, Kerala, India 695581 Website: www.corpozone.com, www.techband.net",www.corpozone.com
Technograph Digital Solutions Private Limited,"Ashtamudi Tower, Technopark Kollam",shibudass@hotmail.com
Techrista Systems Pvt. Ltd.,"Technopark Campus, 4th Floor, Nila Building",contact@techrista.com
Techstas Info Solutions Private Limited,"Module 9, -2 Floor, Thejaswini Building, Technopark, Thiruvananthapuram, Kerala",info@techstas.com
TECHVANTAGE SYSTEMS PRIVATE LIMITED,"Module L1A, Level -1, Thejaswini, Technopark, Trivandrum and 2nd floor, Amstor House, Technopark campus, phase-1, Trivandrum",info@techvantagesystems.com
Techversant Infotech Pvt. Ltd.,"Module No:2306, Third Floor, Yamuna, Tower II, Technopark Phase III, SEZ Campus, Trivandrum, Kerala",info@techversantinfotech.com
TECHZERA INFOLOGICS PVT LTD,"NO.8,4th Floor, Nila Building, Phase-1 Campus, TECHNOPARK",techzerainfologics@gmail.com
Teraserv Technologies India Private Limited,"2nd Floor, Pamba, Technopark, Trivandrum, Kerala.",trvhr@teranet.ca
Terrific Minds Pvt Ltd,"Floor 2, Msquared Main Building",ranjith@terrificminds.com
Test Company Name,Address,prasanth@technopark.org
Testhouse India Pvt. Ltd.,"II and III Floor, Nila Building, Technopark, Trivandrum, Kerala.",contact@testhouse.net
THINKPALM TECHNOLOGIES PVT LTD,"L-15, TEJASWINI BUILDING, TECHNOPARK TRIVANDRUM",nima.s@thinkpalm.com
ThoughtLine Technologies Pvt. Ltd.,"111, 11th Floor, Ganga ETP Phase III, SEZ Technopark, Kulathur P.O. Trivandrum, Kerala, India",thoughts@thoughtlinetech.com
Thought Ripples Technologies Private Ltd,"4th Floor, Gayathri Building, Technopark, Trivandrum Kerala, India",info@thoughtripples.com
THREE SEAS INFOLOGICS PVT LTD,"-1 Floor, Thejaswini Building, Phase-1 Campus, Technopark",info@threeseasinfologics.com
TILTLABS CONSULTANCY SERVICES PRIVATE LIMITED,"GH, Ground Floor, Carnival Technopark Building, Technopark, Trivandrum, Kerala, India",nikhil@tiltlabs.io
Timesworld Media and Technology Solutions Pvt Ltd,"Office 2305, Yamuna Building Technopark Phase-III Campus, Trivandrum, Kerala",hello@timesworld.com
TKM INFOTECH PVT. LTD.,"4th FLOOR, AMSTOR HOUSE, TECHNOPARK CAMPUS, TRIVANDRUM PHONE : +91 471 6060706 EMail : info@tkminfotech.com",info@tkminfotech.com
Toonz Animation India PVT LTD,731-735 NILA Technopark Campus Trivandrum Kerala India,info@toonzmediagroup.com
TOSIL Systems Private Limited,"ACE 05, 3rd Floor, CDAC Building, Technopark Campus, Kazhakkuttom",tosil@tosil-systems.com
Travancore Analytics (P) Ltd,"Module No: 2805, 8th Floor, Yamuna SEZ IT Building, Phase 3 Campus, Technopark.",contactus@teamta.in
Travanleo Info Solutions India Private Limited,"A 20 , Ground Floor, Gayathri Building, Phase 1",info@travanleo.com
Travelshore Technologies Pvt. Ltd,"Basement Floor, Park Centre, Technopark Phase 1, Kariyavattom, Thiruvananthapuram",admin@travelshore.com
Treez India (Zeert POS Software Development Private Limited),"3rd Floor, Amstor Building, Technopark",sree.sankar@treez.io
TRENSER Technology Solutions (P) Limited,"Ground Floor, Nila Building, Technopark Campus, Trivandrum, Kerala, India,",trenser@trenser.com
Triassic Solutions Private Limited,"Plot 2, 1G, Leela Infopark, Technopark, Trivandrum, Kerala",hr@triassicsolutions.com
TRIVAND TECHNOLOGIES PVT LTD.,"MODULE 406-A, 4th Floor, Thejaswini, Technopark, Trivandrum.",info@trivand.com
Trizent Technologies Private Limited,"Module No. 17, SBC, Thejaswini, Phase 1, Technopark, Thiruvananthapuram, Kerala, India",vinod@trizentinc.com
Trois Infotech Pvt. Ltd.,"-2 Floor, KSUM, Thejaswini Building, Technopark, Trivandrum",info@trois.in
Troodon Technology,"Module No:16, Fourth Floor, Gayatri Building, Technopark Campus",info@troodontechnology.com
Tryzens India Pvt Limited,"3rd Floor, M Squared Annex Building Technopark, Trivandrum",Indiafrontoffice@tryzens.com
Tryzens India Pvt Ltd,"Module No. 110-N, 10th Floor, Ganga building, Technopark Phase-III Campus, Trivandrum",aniyan.rajendra@tryzens.com
Twinsway Technologies Pvt Ltd,"Park Center Building, Module.4, Basement Floor, Technopark",hr@twinsway.in
UPSKILL INNOVATIVE SOLUTIONS PRIVATE LIMITED,"ETP SEZ Phase III, Module No 2606, 6'n Floor, Yamuna, Technopark, Kariyavattom, Thiruvananthapuram",sujin.mathew@olivegroup.io
UVJ Technologies Pvt Ltd,"Amstor Annex Building, Technopark, Trivandrum",info@calpinetech.com
Vanilla Networks Pvt. Ltd.,"Module 012, Nila Building, Technopark Campus Trivandrum",technopark@vanillanetworks.com
Velosit Info Lab Private Limited,"G3B, Ground Floor, Thejaswini Building, Technopark Campus, Trivandrum",mail@velosit.in
VENTURA SYSTEMS PRIVATE LIMITED,"SBC- 8, Ashtamudi Tower, SEZ Building, Technopark Kollam, Kundara",md@venturasystems.co
VERISTICS NETWORKS PVT.LTD,"D-2 MODULE,6TH FLOOR, BHAVANI BUILDING, TECHNOPARK",info@veristics.in
VIMEG SQUARE TECHNOLOGIES PRIVATE LIMITED,"L-12B, -1 floor, Thejaswini, Phase-1, Technopark",info@vimegsquare.com
VINVISH TECHNOLOGIES PVT. LTD.,"C-16, THEJASWINI BUILDING, TECHNOPARK, THIRUVANANTHAPURAM, KERALA, INDIA.",info@vinvish.com
Virtus IT Services Pvt Ltd,"A20-21, Gayatri, Technopark Campus, Trivandrum",info@virtusindia.com
Visual Graphics Computing Services India Pvt. Ltd. (McKinsey Business Presentation Design Services),Visual Graphics Computing Services India Pvt. Ltd. (McKinsey Business Presentation Design Services) Leela Infopark Technopark Campus Trivandrum Kerala,vg.careers@mckinsey.com
VOXFOREM TECHNOLOGIES PRIVATE LIMITED,"Module num:421, 4th Floor Nila Building, Phase-1 Campus, Technopark, Trivandrum, Kerala",info@voxforem.org
Vriteup,"G3B, Tejaswini, Technopark Trivandrum, Kerala",vriteup@vriteup.com
VYUS TECHNOLOGIA LLP,"Thejaswini,Ground Floor,G3B,Trivandrum,Kerala,India",contactvyus@gmail.com
WAFERCHIPS TECHNO SOLUTIONS PVT LTD,"SBC 4, IInd FLOOR, SEZ BUILDING,ASHTAMUDI TOWER,TECHNOPARK",waferchips@gmail.com
Waybeo Technology Solutions Pvt Ltd,"Module 15, Fourth Floor, Gayatri Building, Technopark, Trivandrum 6955581 Kerala",mail@waybeo.com
Way Dot Com Private Limited,"4th Floor, Nila Building, Technopark, Trivandrum, Kerala, India",hrd@way.com
Weboffice Infotech India Pvt Ltd,"Module No: 29, SBC, -2 Floor, Thejaswini, Technopark",info@webofficeit.com
XIGOLOGIX Pvt. Ltd.,"SBC 9, 3rd Floor, Ashtamudi Building, Kollam",info@xigologix.com
Xilligence,"231, Nila, Technopark, Trivandrum.",info@xilligence.com
Xminds Infotech Pvt Ltd,"Smart Business Centre, Thejaswini, Technopark, Trivandrum",www.xminds.com
Xpetize Technology Solutions Private Limited,"A-10, TBIC, 4th Floor, Nila, Technopark, Kerala, Trivandrum",rajesh@xpetize.com
Xtreme Online Solutions Private Limited,"1st Floor, Amstor Annex Building, Technopark Phase I",hr@xtremeonline.in
Y2Z Labs Pvt Ltd,"4th FLOOR, M SQUARED BUILDING, ANNEX 2, TECHNOPARK CAMPUS, KARIYAVATTOM, TRIVANDRUM, KERALA",admin@y2zlabs.com
Yarab Technologies Private Limited,"Module No: 2706, 7th Floor, Yamuna building, Phase-III Campus, Technopark, Kazhakootam",info@yarabltd.co.uk
YourVision Software Solutions LLP,"7-A, 4th Floor, Gayatri, Technopark, Thiruvananthapuram",info@yourvision.co.in
YSC Engineering Services Pvt Ltd,"Module No: 406(A), Fourth Floor Thejaswini Building, Technopark",hr@yscindia.com
ZAFIN SOFTWARE CENTRE OF EXCELLENCE PVT LTD,"G4, THEJASWINI, TECHNOPARK, TRIVANDRUM",info@zafin.com
Zebu Animation Studios Pvt Ltd,"T-7, 7th Floor, Kerala Startup Mission, Thejaswini, Technopark Campus, Kazhakkoottam, Kerala",contact@zebuanimation.com
ZestyBeanz Technologies Pvt Ltd,"4th Floor, Nila, Technopark, Trivandrum",contact@zbeanztech.com
ZEWIA SOFTWARE SOLUTIONS PVT LTD,"1st Floor M Squared Building, Technopark Campus, Thiruvananthapuram, Kerala",info@zewiasoft.com
ZL Software Systems Pvt. Ltd.,"C-22, - 2 Floor, Thejaswini Building, Phase-1 Campus, Technopark, Trivandrum, Kerala, India",info@zlinkcorp.com
Zoondia Software Private Limited.,"T2 , Thejaswini Builing , Technopark , Trivandrum",info@zoondia.in
Zyxware Technologies Private Limited,"SBC 2205, II Floor, Yamuna Building, Technopark Phase III, Trivandrum",info@zyxware.com
